Comment,Designator,Footprint,LCSC Part #,Manufacturer,MPN,Qty
4.7u,C1,C_0805_2012Metric,C1779,Samsung,CL21A475KAQNNNE,1
10u,"C2,C4,C22,C27,C28,C29,C30,C32,C34",C_0805_2012Metric,C15850,Samsung,CL21A106KAYNNNE,9
1u,"C3,C8,C12,C14,C31,C33,C35,C36,C38,C39",C_0402_1005Metric,C52923,Samsung,CL05A105KA5NQNC,10
100n,"C5,C6,C7,C9,C10,C11,C13,C15,C18,C19,C20,C21,C23,C24,C26",C_0402_1005Metric,C1525,Samsung,CL05B104KO5NNNC,15
470n,C16,C_0402_1005Metric,C527010,YAGEO,CC0402KRX5R7BB474,1
10n,C17,C_0402_1005Metric,C15195,Samsung,CL05B103KB5NNNC,1
4.7u,C25,C_0402_1005Metric,C469468,YAGEO,CC0402MRX5R6BB475,1
SZYY1615RGB-B,D1,LED_RGB_1615_SZYY1615RGB-B,C3029071,Yongyu Photoelectric,SZYY1615RGB-B,1
0.75A,F1,Fuse_1206_3216Metric,C545214,PTTC,SMD1206P075TFT,1
BLM18KG601SN1D,"FB1,FB2,FB3,FB4,FB5,FB6,FB7,FB8",L_0603_1608Metric,C85833,Murata,BLM18KG601SN1D,8
GT-USB-7051A,J1,USB_C_Receptacle_G-Switch_GT-USB-7051A,C2843970,G-Switch,GT-USB-7051A,1
5.1k,"R1,R2",R_0402_1005Metric,C25905,UNI-ROYAL,0402WGF5101TCE,2
100k,"R3,R14,R15,R16",R_0402_1005Metric,C25741,UNI-ROYAL,0402WGF1003TCE,4
150,R4,R_0402_1005Metric,C25082,UNI-ROYAL,0402WGF1500TCE,1
22.1k,R7,R_0402_1005Metric,C43473,UNI-ROYAL,0402WGF2212TCE,1
47.5k,R8,R_0402_1005Metric,C25896,UNI-ROYAL,0402WGF4752TCE,1
1k,"R9,R11",R_0402_1005Metric,C11702,UNI-ROYAL,0402WGF1001TCE,2
750,R10,R_0402_1005Metric,C25132,UNI-ROYAL,0402WGF7500TCE,1
330,R12,R_0402_1005Metric,C25104,UNI-ROYAL,0402WGF3300TCE,1
10k,R13,R_0402_1005Metric,C25744,UNI-ROYAL,0402WGF1002TCE,1
SETUP,SW1,SW_SPST_TL3342,C2886898,E-Switch,TL3342F160QG,1
RESET,SW2,SW_SPST_TL3342,C2886898,E-Switch,TL3342F160QG,1
BGT60TR13C,U1,Infineon_PG-VF2BGA-40-1_6.5x5mm_P0.5mm,C3606641,Infineon,BGT60TR13CE6327XUMA1,1
MGM260PB32VNA5,U2,SiliconLabs_MGM260P_12.9x15mm,,Silicon Labs,MGM260PB32VNA5,1
TLV75733PDRVR,U3,WSON-6-1EP_2x2mm_P0.65mm_EP1x1.6mm,C2868428,Texas Instruments,TLV75733PDRVR,1
TPS7A2018PDBVR,U4,SOT-23-5,C963430,Texas Instruments,TPS7A2018PDBVR,1
CP2102N-A02-GQFN24R,U5,QFN-24-1EP_4x4mm_P0.5mm_EP2.6x2.6mm,C969151,Silicon Labs,CP2102N-A02-GQFN24R,1
USBLC6-2SC6,U6,SOT-23-6,C7519,STMicroelectronics,USBLC6-2SC6,1
SN74AVC4T245PWR,"U7,U8",TSSOP-16_4.4x5mm_P0.65mm,C81461,Texas Instruments,SN74AVC4T245PWR,2
KC2016K80.0000C1GE00,Y1,Crystal_SMD_2016-4Pin_2.0x1.6mm,C1988243,Kyocera AVX,KC2016K80.0000C1GE00,1
