Comment,Designator,Footprint,Quantity,LCSC,Datasheet
4.7u,C1,Capacitor_SMD:C_0805_2012Metric,1,,
10u,"C2,C4,C22",Capacitor_SMD:C_0805_2012Metric,3,,
1u,"C3,C8,C12,C14,C25",Capacitor_SMD:C_0402_1005Metric,5,,
100n,"C5,C6,C7,C9,C10,C11,C13,C15,C16,C17,C18,C19,C20,C21,C23,C24,C26",Capacitor_SMD:C_0402_1005Metric,17,,
LED_RGB_CA,D1,LED_SMD:LED_RGB_1210,1,,
500mA,F1,Fuse:Fuse_1206_3216Metric,1,,
600R@100MHz,"FB1,FB2,FB3,FB4",Inductor_SMD:L_0603_1608Metric,4,,
GT-USB-7051A,J1,Connector_USB:USB_C_Receptacle_G-Switch_GT-USB-7051x,1,,https://www.usb.org/sites/default/files/documents/usb_type-c.zip
5.1k,"R1,R2",Resistor_SMD:R_0402_1005Metric,2,,
100k,R3,Resistor_SMD:R_0402_1005Metric,1,,
22,R4,Resistor_SMD:R_0402_1005Metric,1,,
10k,"R5,R6",Resistor_SMD:R_0402_1005Metric,2,,
22.1k,R7,Resistor_SMD:R_0402_1005Metric,1,,
47.5k,R8,Resistor_SMD:R_0402_1005Metric,1,,
1k,"R9,R10,R11,R12",Resistor_SMD:R_0402_1005Metric,4,,
PUESTA_EN_MARCHA,SW1,Button_Switch_SMD:SW_SPST_TL3342,1,,
RESET,SW2,Button_Switch_SMD:SW_SPST_TL3342,1,,
BGT60TR13C,U1,radar60:Infineon_PG-VF2BGA-40-1_6.5x5mm_P0.5mm,1,,https://www.infineon.com/dgdl/Infineon-BGT60TR13C-DataSheet-v02_49-EN.pdf
MGM260PB32VNA,U2,radar60:SiliconLabs_MGM260P_12.9x15mm,1,,https://www.silabs.com/documents/public/data-sheets/mgm260p-datasheet.pdf
AP2112K-3.3,U3,Package_TO_SOT_SMD:SOT-23-5,1,,https://www.diodes.com/assets/Datasheets/AP2112.pdf
AP2112K-1.8,U4,Package_TO_SOT_SMD:SOT-23-5,1,,https://www.diodes.com/assets/Datasheets/AP2112.pdf
CP2102N-A02-GQFN24,U5,Package_DFN_QFN:QFN-24-1EP_4x4mm_P0.5mm_EP2.6x2.6mm,1,,https://www.silabs.com/documents/public/data-sheets/cp2102n-datasheet.pdf
USBLC6-2SC6,U6,Package_TO_SOT_SMD:SOT-23-6,1,,https://www.st.com/resource/en/datasheet/usblc6-2.pdf
SN74AVC4T245PW,"U7,U8",Package_SO:TSSOP-16_4.4x5mm_P0.65mm,2,,https://www.ti.com/lit/ds/symlink/sn74avc4t245.pdf
SiT8008BI-12-18E-80.000000,Y1,Oscillator:Oscillator_SMD_SiT_PQFN-4Pin_2.5x2.0mm,1,,https://www.sitime.com/support/resource-library/datasheets/sit8008-datasheet
