Designator,Mid X,Mid Y,Layer,Rotation
C5,103.0000mm,-105.9000mm,Bottom,-90.000000
C6,100.0000mm,-105.9000mm,Bottom,-90.000000
C7,99.0000mm,-105.9000mm,Bottom,-90.000000
C8,95.7000mm,-102.6000mm,Bottom,180.000000
C9,95.7000mm,-99.2500mm,Bottom,180.000000
C10,95.7000mm,-100.7500mm,Bottom,180.000000
C11,105.4000mm,-101.6000mm,Bottom,0.000000
C12,108.9000mm,-102.0000mm,Bottom,-90.000000
C13,105.4000mm,-100.6000mm,Bottom,0.000000
C14,108.9000mm,-98.6000mm,Bottom,90.000000
C15,101.0000mm,-105.9000mm,Bottom,-90.000000
C16,105.4000mm,-102.6000mm,Bottom,0.000000
C17,108.3000mm,-108.0000mm,Bottom,-90.000000
D1,100.0000mm,-124.0000mm,Bottom,0.000000
FB1,95.3000mm,-105.0000mm,Bottom,0.000000
FB2,107.6000mm,-102.0000mm,Bottom,90.000000
FB3,107.6000mm,-98.6000mm,Bottom,-90.000000
R4,102.0000mm,-105.9000mm,Bottom,90.000000
U1,100.0000mm,-100.0000mm,Bottom,-90.000000
Y1,105.6000mm,-108.0000mm,Bottom,180.000000
C1,84.3000mm,-106.0000mm,Top,90.000000
C2,91.7000mm,-106.0000mm,Top,90.000000
C3,84.8000mm,-97.0000mm,Top,90.000000
C4,91.7000mm,-97.0000mm,Top,90.000000
C18,99.5000mm,-91.0000mm,Top,90.000000
C19,108.5000mm,-91.0000mm,Top,90.000000
C20,99.5000mm,-99.5000mm,Top,90.000000
C21,108.5000mm,-99.5000mm,Top,90.000000
C22,96.2000mm,-88.3000mm,Top,0.000000
C23,99.1000mm,-87.7000mm,Top,0.000000
C24,119.8000mm,-104.0000mm,Top,90.000000
C25,121.3000mm,-104.0000mm,Top,90.000000
C26,115.5000mm,-109.5000mm,Top,0.000000
F1,108.0000mm,-115.5000mm,Top,90.000000
J1,100.0000mm,-116.0000mm,Top,0.000000
R1,95.5000mm,-121.0000mm,Top,90.000000
R2,104.5000mm,-121.0000mm,Top,90.000000
R3,88.0000mm,-93.6000mm,Top,0.000000
R5,109.6000mm,-94.0000mm,Top,180.000000
R6,109.6000mm,-95.1000mm,Top,180.000000
R7,120.5000mm,-98.5000mm,Top,90.000000
R8,122.0000mm,-98.5000mm,Top,90.000000
R9,115.5000mm,-100.0000mm,Top,0.000000
R10,97.5000mm,-126.0000mm,Top,0.000000
R11,100.0000mm,-127.0000mm,Top,0.000000
R12,102.5000mm,-126.0000mm,Top,0.000000
R13,84.5000mm,-101.5000mm,Top,0.000000
SW1,82.5000mm,-87.5000mm,Top,0.000000
SW2,117.5000mm,-87.5000mm,Top,0.000000
U2,100.0000mm,-78.5000mm,Top,0.000000
U3,88.0000mm,-106.0000mm,Top,0.000000
U4,88.0000mm,-97.0000mm,Top,0.000000
U5,115.5000mm,-105.0000mm,Top,0.000000
U6,93.0000mm,-115.5000mm,Top,90.000000
U7,104.0000mm,-93.0000mm,Top,0.000000
U8,104.0000mm,-101.5000mm,Top,0.000000
