Ref,Val,Package,PosX,PosY,Rot,Side
"C5","100n","C_0402_1005Metric",103.000000,-105.900000,-90.000000,bottom
"C6","100n","C_0402_1005Metric",100.000000,-105.900000,-90.000000,bottom
"C7","100n","C_0402_1005Metric",99.000000,-105.900000,-90.000000,bottom
"C8","1u","C_0402_1005Metric",95.700000,-102.600000,180.000000,bottom
"C9","100n","C_0402_1005Metric",95.700000,-99.250000,180.000000,bottom
"C10","100n","C_0402_1005Metric",95.700000,-100.750000,180.000000,bottom
"C11","100n","C_0402_1005Metric",105.400000,-101.600000,0.000000,bottom
"C12","1u","C_0402_1005Metric",108.900000,-102.000000,-90.000000,bottom
"C13","100n","C_0402_1005Metric",105.400000,-100.600000,0.000000,bottom
"C14","1u","C_0402_1005Metric",108.900000,-98.600000,90.000000,bottom
"C15","100n","C_0402_1005Metric",101.000000,-105.900000,-90.000000,bottom
"C16","100n","C_0402_1005Metric",105.400000,-102.600000,0.000000,bottom
"C17","100n","C_0402_1005Metric",108.300000,-108.000000,-90.000000,bottom
"D1","LED_RGB_CA","LED_RGB_1210",100.000000,-124.000000,0.000000,bottom
"FB1","600R@100MHz","L_0603_1608Metric",95.300000,-105.000000,0.000000,bottom
"FB2","600R@100MHz","L_0603_1608Metric",107.600000,-102.000000,90.000000,bottom
"FB3","600R@100MHz","L_0603_1608Metric",107.600000,-98.600000,-90.000000,bottom
"R4","22","R_0402_1005Metric",102.000000,-105.900000,90.000000,bottom
"U1","BGT60TR13C","Infineon_PG-VF2BGA-40-1_6.5x5mm_P0.5mm",100.000000,-100.000000,-90.000000,bottom
"Y1","SiT8008BI-12-18E-80.000000","Oscillator_SMD_SiT_PQFN-4Pin_2.5x2.0mm",105.600000,-108.000000,180.000000,bottom
"C1","4.7u","C_0805_2012Metric",84.300000,-106.000000,90.000000,top
"C2","10u","C_0805_2012Metric",91.700000,-106.000000,90.000000,top
"C3","1u","C_0402_1005Metric",84.800000,-97.000000,90.000000,top
"C4","10u","C_0805_2012Metric",91.700000,-97.000000,90.000000,top
"C18","100n","C_0402_1005Metric",99.500000,-91.000000,90.000000,top
"C19","100n","C_0402_1005Metric",108.500000,-91.000000,90.000000,top
"C20","100n","C_0402_1005Metric",99.500000,-99.500000,90.000000,top
"C21","100n","C_0402_1005Metric",108.500000,-99.500000,90.000000,top
"C22","10u","C_0805_2012Metric",96.200000,-88.300000,0.000000,top
"C23","100n","C_0402_1005Metric",99.100000,-87.700000,0.000000,top
"C24","100n","C_0402_1005Metric",119.800000,-104.000000,90.000000,top
"C25","1u","C_0402_1005Metric",121.300000,-104.000000,90.000000,top
"C26","100n","C_0402_1005Metric",115.500000,-109.500000,0.000000,top
"F1","500mA","Fuse_1206_3216Metric",108.000000,-115.500000,90.000000,top
"FB4","600R@100MHz","L_0603_1608Metric",84.500000,-101.500000,0.000000,top
"J1","GT-USB-7051A","USB_C_Receptacle_G-Switch_GT-USB-7051x",100.000000,-116.000000,0.000000,top
"R1","5.1k","R_0402_1005Metric",95.500000,-121.000000,90.000000,top
"R2","5.1k","R_0402_1005Metric",104.500000,-121.000000,90.000000,top
"R3","100k","R_0402_1005Metric",88.000000,-93.600000,0.000000,top
"R5","10k","R_0402_1005Metric",109.600000,-94.000000,180.000000,top
"R6","10k","R_0402_1005Metric",109.600000,-95.100000,180.000000,top
"R7","22.1k","R_0402_1005Metric",120.500000,-98.500000,90.000000,top
"R8","47.5k","R_0402_1005Metric",122.000000,-98.500000,90.000000,top
"R9","1k","R_0402_1005Metric",115.500000,-100.000000,0.000000,top
"R10","1k","R_0402_1005Metric",97.500000,-126.000000,0.000000,top
"R11","1k","R_0402_1005Metric",100.000000,-127.000000,0.000000,top
"R12","1k","R_0402_1005Metric",102.500000,-126.000000,0.000000,top
"SW1","PUESTA_EN_MARCHA","SW_SPST_TL3342",82.500000,-87.500000,0.000000,top
"SW2","RESET","SW_SPST_TL3342",117.500000,-87.500000,0.000000,top
"U2","MGM260PB32VNA","SiliconLabs_MGM260P_12.9x15mm",100.000000,-78.500000,0.000000,top
"U3","AP2112K-3.3","SOT-23-5",88.000000,-106.000000,0.000000,top
"U4","AP2112K-1.8","SOT-23-5",88.000000,-97.000000,0.000000,top
"U5","CP2102N-A02-GQFN24","QFN-24-1EP_4x4mm_P0.5mm_EP2.6x2.6mm",115.500000,-105.000000,0.000000,top
"U6","USBLC6-2SC6","SOT-23-6",93.000000,-115.500000,90.000000,top
"U7","SN74AVC4T245PW","TSSOP-16_4.4x5mm_P0.65mm",104.000000,-93.000000,0.000000,top
"U8","SN74AVC4T245PW","TSSOP-16_4.4x5mm_P0.65mm",104.000000,-101.500000,0.000000,top
